{
    "(2237272577, 4755647523)": 15118.944540661058,
    "(2237248196, 2237272577)": 3698.1869611798834,
    "(2237272577, 2237320585)": 2338.9607628759372,
    "(2237272577, 12345457098)": 3969.6711951037,
    "(2237272577, 2237842699)": 2250.159585194373,
    "(2237272577, 3352890738)": 8223.27143545527,
    "(2237272577, 4617265877)": 1425.7399223460068,
    "(2237272577, 2237515286)": 2737.2672854403804,
    "(2237272577, 2237489535)": 2926.20617921687,
    "(2237248196, 4755647523)": 17759.031215460484,
    "(2237320585, 4755647523)": 16690.369522748817,
    "(4755647523, 12345457098)": 19067.67405839831,
    "(2237842699, 4755647523)": 14996.415032896077,
    "(3352890738, 4755647523)": 19864.03604790327,
    "(4617265877, 4755647523)": 15174.130261112578,
    "(2237515286, 4755647523)": 17684.196534649196,
    "(2237489535, 4755647523)": 17143.876710774897,
    "(2237248196, 2237320585)": 1517.3706583352277,
    "(2237248196, 12345457098)": 2379.637893753228,
    "(2237248196, 2237842699)": 3902.955350065648,
    "(2237248196, 3352890738)": 9262.147649513621,
    "(2237248196, 4617265877)": 2997.914441834446,
    "(2237248196, 2237515286)": 1986.26244209746,
    "(2237248196, 2237489535)": 1171.8740319421931,
    "(2237320585, 12345457098)": 2549.6857498619547,
    "(2237320585, 2237842699)": 3151.0627928098475,
    "(2237320585, 3352890738)": 8152.950869437182,
    "(2237320585, 4617265877)": 1766.6127875311279,
    "(2237320585, 2237515286)": 1284.3611638190284,
    "(2237320585, 2237489535)": 632.83861092408,
    "(2237842699, 12345457098)": 5623.3763974617705,
    "(3352890738, 12345457098)": 9141.691009461345,
    "(4617265877, 12345457098)": 3907.50061342803,
    "(2237515286, 12345457098)": 1427.1373461725912,
    "(2237489535, 12345457098)": 2048.5542083190926,
    "(2237842699, 3352890738)": 10473.431020649643,
    "(2237842699, 4617265877)": 1938.1475599968592,
    "(2237515286, 2237842699)": 4306.733936459873,
    "(2237489535, 2237842699)": 3580.0398316144006,
    "(3352890738, 4617265877)": 8749.695624969208,
    "(2237515286, 3352890738)": 7971.704186349297,
    "(2237489535, 3352890738)": 8336.878375459039,
    "(2237515286, 4617265877)": 2534.090533955222,
    "(2237489535, 4617265877)": 2333.0220496067905,
    "(2237489535, 2237515286)": 1163.2345618486884,
    "(2237272744, 9924672835)": 2505.841168112358,
    "(2344494922, 9924672835)": 5657.738338340139,
    "(2237489291, 9924672835)": 4245.985286135195,
    "(2237248268, 9924672835)": 3502.693264761371,
    "(9924672835, 12988853387)": 5903.007071557628,
    "(2237489134, 9924672835)": 4787.550341175561,
    "(2237676974, 9924672835)": 5663.013915197585,
    "(2237732249, 9924672835)": 1318.8537115631545,
    "(3353313273, 9924672835)": 12671.379538850773,
    "(2237272744, 2344494922)": 6875.59374463567,
    "(2237272744, 2237489291)": 2178.2612726584907,
    "(2237248268, 2237272744)": 2414.0151840686217,
    "(2237272744, 12988853387)": 3442.012481395249,
    "(2237272744, 2237489134)": 2480.31443287806,
    "(2237272744, 2237676974)": 3294.7609998388034,
    "(2237272744, 2237732249)": 3214.9962962694217,
    "(2237272744, 3353313273)": 14594.26214179805,
    "(2237489291, 2344494922)": 8995.292050183207,
    "(2237248268, 2344494922)": 8906.576371428648,
    "(2344494922, 12988853387)": 10087.531278784325,
    "(2237489134, 2344494922)": 9295.546722745956,
    "(2237676974, 2344494922)": 9573.708441515784,
    "(2237732249, 2344494922)": 4338.884626776985,
    "(2344494922, 3353313273)": 12285.298477813622,
    "(2237248268, 2237489291)": 1634.9075447751188,
    "(2237489291, 12988853387)": 2071.77073754286,
    "(2237489134, 2237489291)": 646.3391038042124,
    "(2237489291, 2237676974)": 3574.8782051398866,
    "(2237489291, 2237732249)": 5053.925993862322,
    "(2237489291, 3353313273)": 16406.451821149934,
    "(2237248268, 12988853387)": 3055.480031745112,
    "(2237248268, 2237489134)": 1924.6777959820706,
    "(2237248268, 2237676974)": 4416.207132325426,
    "(2237248268, 2237732249)": 4567.691744651663,
    "(2237248268, 3353313273)": 15920.217571939278,
    "(2237489134, 12988853387)": 1463.5251458501987,
    "(2237676974, 12988853387)": 4130.255156341495,
    "(2237732249, 12988853387)": 6612.162199714692,
    "(3353313273, 12988853387)": 17991.42804524332,
    "(2237489134, 2237676974)": 3465.3885241673024,
    "(2237489134, 2237732249)": 5595.491048902689,
    "(2237489134, 3353313273)": 16948.016876190297,
    "(2237676974, 2237732249)": 6150.070706859943,
    "(2237676974, 3353313273)": 17493.58780898665,
    "(2237732249, 3353313273)": 11450.091172865124,
    "(2237488833, 3346617381)": 18149.400350938464,
    "(2237488745, 2237488833)": 427.9807342935097,
    "(2237488833, 3346617036)": 18389.413920910403,
    "(2237488833, 2237515378)": 449.19978679863607,
    "(2237488833, 12766005394)": 2121.9117245561,
    "(2237488833, 7329358973)": 4050.582919543622,
    "(2237488833, 12191658332)": 2860.6300430114934,
    "(2237407165, 2237488833)": 870.2630142709922,
    "(2237488833, 2965725151)": 11217.795323330312,
    "(2237488745, 3346617381)": 18357.700827186036,
    "(3346617036, 3346617381)": 282.3858975133943,
    "(2237515378, 3346617381)": 18378.919879691162,
    "(3346617381, 12766005394)": 18578.20170782906,
    "(3346617381, 7329358973)": 21883.63379259363,
    "(3346617381, 12191658332)": 20767.84331243313,
    "(2237407165, 3346617381)": 18306.793584871724,
    "(2965725151, 3346617381)": 17947.320527650805,
    "(2237488745, 3346617036)": 18597.714397157983,
    "(2237488745, 2237515378)": 21.21905250512633,
    "(2237488745, 12766005394)": 2254.0208276169496,
    "(2237488745, 7329358973)": 3705.088116766683,
    "(2237488745, 12191658332)": 2633.196077646007,
    "(2237407165, 2237488745)": 990.7006404725396,
    "(2237488745, 2965725151)": 11426.09579957789,
    "(2237515378, 3346617036)": 18618.9334496631,
    "(3346617036, 12766005394)": 18818.215277801,
    "(3346617036, 7329358973)": 22123.64736256557,
    "(3346617036, 12191658332)": 21007.85688240507,
    "(2237407165, 3346617036)": 18546.807154843664,
    "(2965725151, 3346617036)": 18187.33409762274,
    "(2237515378, 12766005394)": 2275.239880122076,
    "(2237515378, 7329358973)": 3683.8690642615566,
    "(2237515378, 12191658332)": 2611.9770251408804,
    "(2237407165, 2237515378)": 1011.919692977666,
    "(2237515378, 2965725151)": 11447.314852083016,
    "(7329358973, 12766005394)": 4844.307238423659,
    "(12191658332, 12766005394)": 3445.872208445279,
    "(2237407165, 12766005394)": 1416.7987351688705,
    "(2965725151, 12766005394)": 11609.61762432664,
    "(7329358973, 12191658332)": 1558.8039941576899,
    "(2237407165, 7329358973)": 3898.096218392153,
    "(2965725151, 7329358973)": 14952.028764985473,
    "(2237407165, 12191658332)": 2582.6091196283814,
    "(2965725151, 12191658332)": 13827.80419326093,
    "(2237407165, 2965725151)": 11366.987650516778
}